Time,Counter,Direction,RPM,dt
7.62939453125e-06,0,0,0.0,9.059906005859375e-06
0.010304450988769531,1,1,7.054336037310497e-11,1701081425.1733696
0.020670413970947266,2,1,23.132479088151484,0.010375022888183594
0.03105020523071289,2,1,1.4108672074534902e-10,1701081425.1837494
0.04148578643798828,3,1,17.298873129711524,0.020810604095458984
0.05179452896118164,3,1,2.1163008111674105e-10,1701081425.1940582
0.062039852142333984,2,0,7.727993367010088,0.031055927276611328
0.07229924201965332,1,0,7.054336037182156e-11,1701081425.2043176
0.08258819580078125,1,0,2.902414928523237,0.04134488105773926
0.09298491477966309,2,1,1.4108672074278084e-10,1701081425.2147143
0.10351133346557617,3,1,6.940254086153959,0.051871299743652344
0.11404848098754883,3,1,2.1163008111286033e-10,1701081425.2252514
0.1271991729736328,4,1,7.382117760943378,0.06502199172973633
0.13753938674926758,5,1,3.527168018526232e-10,1701081425.2355917
0.14790081977844238,5,1,7.9593093829167465,0.07538342475891113
0.1586287021636963,5,1,3.5271680185039875e-10,1701081425.2463195
0.16905474662780762,5,1,6.99223530261648,0.08580946922302246
0.1802077293395996,6,1,4.2326016221770347e-10,1701081425.2574725
0.19272255897521973,7,1,8.54315779263922,0.09832429885864258
0.20355629920959473,7,1,4.938035225841758e-10,1701081425.2683063
0.21384501457214355,7,1,7.733879830361142,0.1086130142211914
0.2241220474243164,7,1,4.938035225811926e-10,1701081425.2785833
0.2344353199005127,6,0,6.054170360435674,0.1189262866973877
0.24479365348815918,6,0,4.2326016220987337e-10,1701081425.2889416
0.2551100254058838,6,0,5.570916040532539,0.1292426586151123
0.2654874324798584,6,0,4.232601622072913e-10,1701081425.299319
0.276416540145874,6,0,5.136555093098926,0.14017176628112793
0.2880430221557617,6,0,4.2326016220439837e-10,1701081425.3109455
0.2982943058013916,6,0,4.7865004754961005,0.1504230499267578
0.30860114097595215,6,0,4.2326016220183385e-10,1701081425.3212523
0.3189563751220703,6,0,4.478216720323036,0.16077828407287598
0.32970094680786133,6,0,4.2326016219916045e-10,1701081425.331997
0.34017109870910645,6,0,4.204417960983923,0.1712484359741211
0.3505401611328125,6,0,4.2326016219658043e-10,1701081425.342366
0.3611617088317871,6,0,3.958872076956758,0.1818699836730957
0.3716611862182617,6,0,4.23260162193968e-10,1701081425.3528655
0.38193798065185547,6,0,3.747135429979576,0.19214677810668945
0.39220690727233887,6,0,4.232601621914128e-10,1701081425.3631344
0.40248870849609375,6,0,3.5568100234733766,0.20242857933044434
0.4133119583129883,6,0,4.2326016218871983e-10,1701081425.3739576
0.42383790016174316,6,0,3.381003587118617,0.21295452117919922
0.4341776371002197,6,0,4.2326016218614715e-10,1701081425.3842974
0.4446868896484375,6,0,3.2219987517004083,0.223463773727417
0.4553952217102051,6,0,4.2326016218348264e-10,1701081425.3950057
0.46563220024108887,6,0,3.0808629969843255,0.23370075225830078
0.4758470058441162,6,0,4.232601621809411e-10,1701081425.4052205
0.48616743087768555,6,0,2.9505635862858686,0.24402117729187012
0.49649643898010254,6,0,4.2326016217837103e-10,1701081425.4155495
0.5068371295928955,6,0,2.8306129607047152,0.2543618679046631
0.5172460079193115,6,0,4.2326016217578107e-10,1701081425.4259584
0.5280039310455322,6,0,2.7157534984482816,0.2651197910308838
0.5385982990264893,6,0,4.23260162173145e-10,1701081425.4365528
0.5488543510437012,6,0,2.6146084276326613,0.2753758430480957
0.5591049194335938,6,0,4.232601621705945e-10,1701081425.4468033
0.5695986747741699,6,0,2.5186308864543165,0.2858695983886719
0.5801601409912109,6,0,4.232601621679666e-10,1701081425.4573648
0.5907557010650635,6,0,2.428615907966851,0.2964651584625244
0.6011862754821777,6,0,4.232601621653713e-10,1701081425.4677954
0.6117966175079346,6,0,2.344700240999776,0.30707550048828125
0.6232986450195312,6,0,4.2326016216250937e-10,1701081425.4792974
0.6338615417480469,6,0,2.26672847586679,0.3176383972167969
0.6440534591674805,6,0,4.2326016215997344e-10,1701081425.4894893
0.6542994976043701,6,0,2.195895631839226,0.3278844356536865
0.6646409034729004,6,0,4.232601621574003e-10,1701081425.4998307
0.6749773025512695,6,0,2.1287866567131983,0.33822083473205566
0.6855361461639404,6,0,4.2326016215477306e-10,1701081425.5103896
0.6964101791381836,6,0,2.062476611961399,0.34909486770629883
0.7071049213409424,6,0,4.23260162152112e-10,1701081425.5210843
0.717414379119873,6,0,2.0033147876780073,0.3594043254852295
0.7276608943939209,6,0,4.232601621495625e-10,1701081425.5313308
0.737940788269043,6,0,1.9476081539152104,0.36968421936035156
0.7483298778533936,6,0,4.232601621469775e-10,1701081425.54172
0.7585721015930176,6,0,1.8951036788206286,0.3799264430999756
0.7690212726593018,6,0,4.232601621443775e-10,1701081425.552169
0.7798953056335449,6,0,1.8423723717861116,0.39080047607421875
0.7901408672332764,6,0,4.232601621418283e-10,1701081425.5624146
0.8003921508789062,6,0,1.795279493357541,0.40105175971984863
0.8106799125671387,6,0,4.232601621392685e-10,1701081425.5727024
0.8210370540618896,6,0,1.7500836707089933,0.4114089012145996
0.8314931392669678,6,0,4.232601621366668e-10,1701081425.5831585
0.8418645858764648,6,0,1.7070496615462885,0.4217803478240967
0.8522131443023682,6,0,4.2326016213409195e-10,1701081425.593507
0.8629519939422607,6,0,1.6646659945306723,0.43251919746398926
0.8732731342315674,6,0,4.232601621315238e-10,1701081425.6038282
0.8836672306060791,6,0,1.625600337619428,0.442913293838501
0.894202470779419,6,0,4.2326016212890247e-10,1701081425.6143634
0.9048135280609131,6,0,1.587566352770107,0.4535243511199951
0.9183444976806641,6,0,4.232601621255357e-10,1701081425.6278944
0.934211015701294,6,0,1.533902867173786,0.469390869140625
0.944490909576416,6,0,4.232601621229779e-10,1701081425.6381743
0.9555816650390625,6,0,1.498496431771967,0.4804816246032715
0.9659090042114258,6,0,4.2326016212040826e-10,1701081425.6485016
0.9764480590820312,6,0,1.4663333543741413,0.49102067947387695
0.9871716499328613,6,0,4.2326016211774003e-10,1701081425.6592252
0.9977865219116211,6,0,1.4353049697435187,0.5016355514526367
1.0080618858337402,6,0,4.232601621151833e-10,1701081425.6695006
1.0185024738311768,6,0,1.406040907848625,0.5120761394500732
1.0290555953979492,6,0,4.2326016211255754e-10,1701081425.6800537
1.0397863388061523,6,0,1.3771815628433095,0.5228068828582764
1.05031418800354,6,0,4.23260162109938e-10,1701081425.6905816
1.0605909824371338,6,0,1.3506322378086826,0.5330836772918701
1.0726428031921387,6,0,4.2326016210693933e-10,1701081425.7026334
1.0830152034759521,6,0,1.324854076914303,0.5434560775756836
1.0932698249816895,6,0,4.2326016210438773e-10,1701081425.712888
1.1036591529846191,6,0,1.3000017563525723,0.5538454055786133
1.1139562129974365,6,0,4.2326016210182565e-10,1701081425.723185
1.1243093013763428,6,0,1.2761466180982244,0.5641984939575195
1.1347503662109375,6,0,4.2326016209922773e-10,1701081425.7336261
1.1456634998321533,6,0,1.25193086954485,0.5751116275787354
1.1560347080230713,6,0,4.232601620966472e-10,1701081425.7439973
1.1668994426727295,6,0,1.2287185054051184,0.5859763622283936
1.1773836612701416,6,0,4.232601620940385e-10,1701081425.7544816
1.1878035068511963,6,0,1.2072511370327892,0.5963962078094482
1.1981241703033447,6,0,4.2326016209147053e-10,1701081425.7648022
1.208420991897583,6,0,1.1867616160147447,0.6066930294036865
1.218827247619629,6,0,4.232601620888813e-10,1701081425.7752085
1.2295680046081543,6,0,1.1661169438217867,0.6174337863922119
1.23992919921875,6,0,4.232601620863032e-10,1701081425.7855697
1.2501721382141113,6,0,1.1470872996850723,0.6276767253875732
1.2604482173919678,6,0,4.2326016208374637e-10,1701081425.7958457
1.2708120346069336,6,0,1.128454936520416,0.6380405426025391
1.28108549118042,6,0,4.2326016208119013e-10,1701081425.8061192
1.2915234565734863,6,0,1.11029122958209,0.6484785079956055
1.3021948337554932,6,0,4.2326016207853493e-10,1701081425.8167906
1.3124549388885498,6,0,1.0929980202319984,0.6587386131286621
1.3227057456970215,6,0,4.232601620759843e-10,1701081425.8270414
1.3329458236694336,6,0,1.076267464984497,0.6689786911010742
1.34326171875,6,0,4.232601620734175e-10,1701081425.8373573
1.3537318706512451,6,0,1.0596824285085173,0.6794488430023193
1.3647282123565674,6,0,4.232601620706814e-10,1701081425.8483536
1.3767261505126953,6,0,1.0412948901052295,0.6914467811584473
1.3874547481536865,6,0,4.2326016206801195e-10,1701081425.8590822
1.3977046012878418,6,0,1.026084442781815,0.7016966342926025
1.4079468250274658,6,0,4.232601620654635e-10,1701081425.8693244
1.4181828498840332,6,0,1.0113316066444704,0.7119326591491699
1.428471565246582,6,0,4.232601620629035e-10,1701081425.8796132
1.4388155937194824,6,0,0.9968479010037473,0.7222766876220703
1.4490759372711182,6,0,4.2326016206035055e-10,1701081425.8898735
1.459378719329834,6,0,0.9828285255028133,0.7325794696807861
1.4728655815124512,6,0,4.2326016205699473e-10,1701081425.9033604
1.4831678867340088,6,0,0.9691986320362327,0.7428817749023438
1.4935169219970703,6,0,4.232601620544197e-10,1701081425.9137094
1.504127025604248,6,0,0.9555511088244618,0.7534918785095215
1.5146422386169434,6,0,4.2326016205180335e-10,1701081425.9242246
1.5251762866973877,6,0,0.9423763971119876,0.7640259265899658
1.536592960357666,6,0,4.2326016204896265e-10,1701081425.9356413
1.546863317489624,6,0,0.9298766055534583,0.7742962837219238
1.5571870803833008,6,0,4.232601620463939e-10,1701081425.945965
1.5679888725280762,6,0,0.9170828742704089,0.7850980758666992
1.5787932872772217,6,0,4.232601620437056e-10,1701081425.9567695
1.5891435146331787,6,0,0.9051499601960465,0.7954483032226562
1.5995702743530273,6,0,4.232601620411112e-10,1701081425.9671962
1.6100597381591797,6,0,0.8933692270736623,0.8059377670288086
1.6208252906799316,6,0,4.232601620384326e-10,1701081425.9779618
1.6315481662750244,6,0,0.8816391563656917,0.8166606426239014
1.6419007778167725,6,0,4.232601620358566e-10,1701081425.9883144
1.6531846523284912,6,0,0.8696234893745441,0.8279445171356201
1.6639313697814941,6,0,4.232601620331827e-10,1701081425.999061
1.674164056777954,6,0,0.8590068978856914,0.8381772041320801
1.68440580368042,6,0,4.2326016203063435e-10,1701081426.0093029
1.6948649883270264,6,0,0.8484198998774808,0.8486363887786865
1.7053065299987793,6,0,4.232601620280363e-10,1701081426.0197444
1.7157306671142578,6,0,0.8381248797930484,0.859060525894165
1.7262144088745117,6,0,4.2326016202542776e-10,1701081426.0302281
1.7364749908447266,6,0,0.8282325063621082,0.8693211078643799
1.7478575706481934,6,0,4.2326016202259555e-10,1701081426.0416107
1.7581219673156738,6,0,0.8185673778050763,0.8795855045318604
1.7683556079864502,6,0,4.232601620200492e-10,1701081426.0518444
1.778641700744629,6,0,0.8091054958857484,0.8898715972900391
1.7889552116394043,6,0,4.23260162017483e-10,1701081426.0621579
1.79935884475708,6,0,0.7997554255423953,0.9002752304077148
1.8099136352539062,6,0,4.232601620148568e-10,1701081426.0727127
1.820216417312622,6,0,0.7907065513802349,0.9105780124664307
1.8305892944335938,6,0,4.2326016201227585e-10,1701081426.0830855
1.8411271572113037,6,0,0.7816606133394074,0.9211158752441406
1.8514809608459473,6,0,4.232601620096996e-10,1701081426.0934393
1.8622639179229736,6,0,0.772616055550396,0.931898832321167
1.8728489875793457,6,0,4.232601620070659e-10,1701081426.1040244
1.8832786083221436,6,0,0.7640647989126639,0.9423284530639648
1.893657922744751,6,0,4.232601620044833e-10,1701081426.1144037
1.904306411743164,6,0,0.7555271992644621,0.9529769420623779
1.915029764175415,6,0,4.2326016200181517e-10,1701081426.125127
1.92545747756958,6,0,0.7473495129196805,0.963404655456543
1.9359211921691895,6,0,4.2326016199921156e-10,1701081426.1355908
1.946197748184204,6,0,0.7394617370831665,0.9736812114715576
1.9564990997314453,6,0,4.232601619966484e-10,1701081426.1458921
1.9668934345245361,6,0,0.7316511448058782,0.9840755462646484
1.9771771430969238,6,0,4.2326016199408966e-10,1701081426.1561759
1.9876887798309326,6,0,0.7239184380289486,0.9945871829986572
2.000610828399658,6,0,4.232601619908744e-10,1701081426.169098
2.0108835697174072,6,0,0.7165177778283944,1.0048599243164062
2.0211732387542725,6,0,4.2326016198831413e-10,1701081426.1793876
2.0316765308380127,6,0,0.7091058533247612,1.0153632164001465
2.042067527770996,6,0,4.232601619857286e-10,1701081426.1897786
2.0526294708251953,6,0,0.7018055784721599,1.0259251594543457
2.063042640686035,6,0,4.232601619831377e-10,1701081426.2001917
2.07332706451416,6,0,0.6948401284991089,1.0362095832824707
2.0838193893432617,6,0,4.23260161980527e-10,1701081426.210684
2.094097375869751,6,0,0.6880158166918682,1.04648756980896
2.1043477058410645,6,0,4.2326016197797655e-10,1701081426.2209344
2.114701986312866,6,0,0.6812750647684174,1.0568418502807617
2.1250972747802734,6,0,4.2326016197538995e-10,1701081426.2313297
2.1354775428771973,6,0,0.6746486861558795,1.0672221183776855
2.1458044052124023,6,0,4.2326016197282047e-10,1701081426.2416565
2.156311273574829,6,0,0.6680714807326822,1.0777289867401123
2.1668803691864014,6,0,4.232601619701907e-10,1701081426.2522256
2.1771938800811768,6,0,0.6617388581467054,1.0880424976348877
2.187492847442627,6,0,4.232601619676281e-10,1701081426.2625246
2.1979923248291016,6,0,0.6554141911473149,1.0985419750213623
2.208364963531494,6,0,4.2326016196504725e-10,1701081426.2728972
2.2187554836273193,6,0,0.6492730650154799,1.1089324951171875
2.229095220565796,6,0,4.232601619624745e-10,1701081426.283237
2.239363670349121,6,0,0.6433161116246214,1.1192009449005127
2.249621629714966,6,0,4.232601619599221e-10,1701081426.293495
2.260131597518921,6,0,0.637331189690253,1.1297109127044678
2.270496129989624,6,0,4.2326016195734325e-10,1701081426.3038595
2.2808473110198975,6,0,0.6315445482810016,1.1400620937347412
2.2911770343780518,6,0,4.23260161954773e-10,1701081426.3141892
2.3016231060028076,6,0,0.6258104215844683,1.150508165359497
2.3124661445617676,6,0,4.2326016195207504e-10,1701081426.3250322
2.32283091545105,6,0,0.6202229180452712,1.1608729362487793
2.333197593688965,6,0,4.232601619494957e-10,1701081426.335399
2.343423843383789,6,0,0.6148070194582759,1.1710991859436035
2.3537864685058594,6,0,4.2326016194691726e-10,1701081426.3457615
2.364222526550293,6,0,0.609376659446724,1.181535243988037
2.3744733333587646,6,0,4.232601619443667e-10,1701081426.3560123
2.3847522735595703,6,0,0.6041210194943578,1.1918141841888428
2.3955063819885254,6,0,4.232601619416908e-10,1701081426.3667665
2.4058165550231934,6,0,0.5989396984376472,1.2021243572235107
2.4160752296447754,6,0,4.232601619391383e-10,1701081426.3770251
2.4263479709625244,6,0,0.5938648326248013,1.2123970985412598
2.4367687702178955,6,0,4.232601619365454e-10,1701081426.387446
2.447904348373413,6,0,0.5884599681831255,1.2235326766967773
2.4582502841949463,6,0,4.2326016193397116e-10,1701081426.3977919
2.468783378601074,6,0,0.5834372987725962,1.2340657711029053
2.4792287349700928,6,0,4.2326016193137216e-10,1701081426.4082372
2.4895286560058594,6,0,0.5786080446838318,1.2443656921386719
2.499847888946533,6,0,4.2326016192880454e-10,1701081426.4185565
2.510227918624878,6,0,0.5738214424491975,1.2547457218170166
2.5207104682922363,6,0,4.2326016192619633e-10,1701081426.429039
2.531144857406616,6,0,0.5690889334878594,1.2651801109313965
2.5417473316192627,6,0,4.232601619235582e-10,1701081426.4396415
2.552461862564087,6,0,0.5643099174248668,1.2758946418762207
2.5627188682556152,6,0,4.232601619210061e-10,1701081426.4498985
2.5729663372039795,6,0,0.5598137203814795,1.286142110824585
2.583188533782959,6,0,4.232601619184626e-10,1701081426.4601207
2.593648672103882,6,0,0.5552975096830948,1.2966022491455078
2.6042160987854004,6,0,4.2326016191583326e-10,1701081426.470688
2.614945411682129,6,0,0.5507401648555463,1.3073315620422363
2.6258230209350586,6,0,4.2326016191312667e-10,1701081426.4815657
2.6378488540649414,6,0,0.545720213972857,1.3193573951721191
2.6500706672668457,6,0,4.232601619100857e-10,1701081426.4937875
2.6605007648468018,6,0,0.5414398946631065,1.3297874927520752
2.670891046524048,6,0,4.2326016190750034e-10,1701081426.5041778
2.681137800216675,6,0,0.5372997010414178,1.3400342464447021
2.691406726837158,6,0,4.232601619049453e-10,1701081426.5144467
2.7018094062805176,6,0,0.5331607764846332,1.3504369258880615
2.714736223220825,6,0,4.2326016190172885e-10,1701081426.5273736
2.72519588470459,6,0,0.5290629770704838,1.3608965873718262
2.7357094287872314,6,0,4.232601618991129e-10,1701081426.537887
2.746070384979248,6,0,0.5250654797703057,1.3712575435638428
2.7566580772399902,6,0,4.2326016189647847e-10,1701081426.5484748
2.7673442363739014,6,0,0.5210053047707052,1.381943702697754
2.778735399246216,6,0,4.2326016189364414e-10,1701081426.559866
2.7891762256622314,6,0,0.5170985348840873,1.3923845291137695
2.799609422683716,6,0,4.232601618910482e-10,1701081426.5702991
2.8099892139434814,6,0,0.513272250757187,1.4027643203735352
2.8222861289978027,6,0,4.2326016188798845e-10,1701081426.582596
2.8328187465667725,6,0,0.5094470812681339,1.4132969379425049
2.8434512615203857,6,0,4.232601618853429e-10,1701081426.5932286
2.8542308807373047,6,0,0.50559079593036,1.4240765571594238
2.8651480674743652,6,0,4.2326016188262656e-10,1701081426.6041458
2.87544846534729,6,0,0.5019601001493798,1.4343769550323486
2.8864102363586426,6,0,4.2326016187989903e-10,1701081426.6151075
2.8967552185058594,6,0,0.49836579723127084,1.4447219371795654
2.907109022140503,6,0,4.2326016187732283e-10,1701081426.6254613
2.9175100326538086,6,0,0.4948035498591893,1.455122947692871
2.9278950691223145,6,0,4.232601618747388e-10,1701081426.6358464
2.93822979927063,6,0,0.491314086300094,1.4654576778411865
2.948493242263794,6,0,4.232601618721851e-10,1701081426.6461098
2.958794116973877,6,0,0.4878846873394531,1.4757585525512695
2.9691293239593506,6,0,4.232601618696135e-10,1701081426.656445
2.979529857635498,6,0,0.4844703414812102,1.486159086227417
2.9898524284362793,6,0,4.2326016186704506e-10,1701081426.6667676
3.0004892349243164,6,0,0.48102750916411985,1.496795892715454
3.0108442306518555,6,0,4.2326016186446855e-10,1701081426.6771226
3.02114200592041,6,0,0.4777407106773404,1.5070936679840088
3.031622886657715,6,0,4.2326016186186076e-10,1701081426.6876035
3.0419557094573975,6,0,0.4744875645528952,1.5174264907836914
3.0525107383728027,6,0,4.232601618592344e-10,1701081426.6981585
3.062832832336426,6,0,0.4712817326020211,1.5277485847473145
3.0731418132781982,6,0,4.2326016185666937e-10,1701081426.7084675
3.083754539489746,6,0,0.46803049119275053,1.5383613109588623
3.0941736698150635,6,0,4.232601618540769e-10,1701081426.7188866
3.1048059463500977,6,0,0.46481793456929793,1.5489935874938965
3.1155290603637695,6,0,4.232601618514088e-10,1701081426.7296097
3.1257824897766113,6,0,0.4617613451833621,1.5592470169067383
3.1360676288604736,6,0,4.2326016184884967e-10,1701081426.7398949
3.146420478820801,6,0,0.4587156352383784,1.5695998668670654
3.156674861907959,6,0,4.232601618462982e-10,1701081426.7501493
3.1669387817382812,6,0,0.45573549192181795,1.5798637866973877
3.177264928817749,6,0,4.2326016184372885e-10,1701081426.7604754
3.18760347366333,6,0,0.45277257221814415,1.5902023315429688
3.1979517936706543,6,0,4.23260161841154e-10,1701081426.7708237
3.208397388458252,6,0,0.44981784448412504,1.6006479263305664
3.222642183303833,6,0,4.2326016183760963e-10,1701081426.7850685
3.2329037189483643,6,0,0.44695249298320294,1.6109094619750977
3.243140459060669,6,0,4.232601618350626e-10,1701081426.7953053
3.253525972366333,6,0,0.4440894537869746,1.6212949752807617
3.2646708488464355,6,0,4.2326016183228946e-10,1701081426.8064501
3.2749898433685303,6,0,0.4412808503269898,1.6316139698028564
3.2852487564086914,6,0,4.232601618297369e-10,1701081426.816709
3.295543670654297,6,0,0.43851398027927885,1.641908884048462
3.3059256076812744,6,0,4.2326016182715365e-10,1701081426.827091
3.3162379264831543,6,0,0.43577700053593704,1.6522212028503418
3.326472759246826,6,0,4.232601618246071e-10,1701081426.8373258
3.3372278213500977,6,0,0.4329586748612335,1.6629762649536133
3.3476102352142334,6,0,4.2326016182202374e-10,1701081426.8477082
3.358060121536255,6,0,0.43025501869392424,1.6734261512756348
3.3685131072998047,6,0,4.232601618194228e-10,1701081426.8581612
3.3806228637695312,6,0,0.42716384545203795,1.6855359077453613
3.390822649002075,6,0,4.2326016181688493e-10,1701081426.868361
3.401120901107788,6,0,0.42456981764256324,1.6958341598510742
3.411410331726074,6,0,4.2326016181432476e-10,1701081426.8786504
3.4217631816864014,6,0,0.42199360085362947,1.7061870098114014
3.432835817337036,6,0,4.232601618115697e-10,1701081426.889723
3.4432950019836426,6,0,0.4194224775754236,1.7166461944580078
3.45406436920166,6,0,4.232601618088901e-10,1701081426.9004924
3.4643561840057373,6,0,0.41692289829653684,1.726938009262085
3.4746556282043457,6,0,4.2326016180632737e-10,1701081426.9107919
3.4850475788116455,6,0,0.4144290472341424,1.7373299598693848
3.495676279067993,6,0,4.232601618036827e-10,1701081426.9214206
3.5061721801757812,6,0,0.4119403517679176,1.7478258609771729
3.516564130783081,6,0,4.2326016180109705e-10,1701081426.9318125
3.5274500846862793,6,0,0.40939055160039106,1.758711814880371
3.53771710395813,6,0,4.232601617985424e-10,1701081426.9420795
3.5480480194091797,6,0,0.4069997788380792,1.769042730331421
3.5585458278656006,6,0,4.232601617959304e-10,1701081426.9525774
3.5689268112182617,6,0,0.4046253820622222,1.779423713684082
3.5796830654144287,6,0,4.23260161793254e-10,1701081426.9633336
3.5901541709899902,6,0,0.4022582736441544,1.7898948192596436
3.6005539894104004,6,0,4.2326016179066636e-10,1701081426.9737334
3.610992670059204,6,0,0.3999259026378248,1.8003334999084473
3.6213014125823975,6,0,4.2326016178810137e-10,1701081426.9840422
3.6318359375,6,0,0.3975993778283,1.8108680248260498
3.642237901687622,6,0,4.232601617855131e-10,1701081426.9944441
3.6530494689941406,6,0,0.39523964758101315,1.8216795921325684
3.663337469100952,6,0,4.232601617829533e-10,1701081427.0047321
3.6736176013946533,6,0,0.3930217408166484,1.8319597244262695
3.688615560531616,6,0,4.232601617792216e-10,1701081427.01973
3.6988685131073,6,0,0.39083435316042864,1.8422126770019531
3.711064338684082,6,0,4.23260161776187e-10,1701081427.031926
3.7213258743286133,6,0,0.3886693780052099,1.8524742126464844
3.731557846069336,6,0,4.232601617736411e-10,1701081427.042158
3.741814613342285,6,0,0.38652924537237326,1.8627309799194336
3.7522120475769043,6,0,4.2326016177105406e-10,1701081427.0525553
3.7625269889831543,6,0,0.3844006128212844,1.8730459213256836
3.7728872299194336,6,0,4.232601617684762e-10,1701081427.0629156
3.7834129333496094,6,0,0.38225251991323844,1.8835716247558594
3.793916940689087,6,0,4.232601617658626e-10,1701081427.0734196
3.804178237915039,6,0,0.3801813727298352,1.8938329219818115
3.8144590854644775,6,0,4.2326016176330457e-10,1701081427.0837004
3.8247122764587402,6,0,0.37813415847807674,1.9040861129760742
3.83512806892395,6,0,4.232601617607129e-10,1701081427.0941162
3.845620632171631,6,0,0.3760618505477674,1.9145786762237549
3.8559608459472656,6,0,4.232601617581401e-10,1701081427.1044564
3.8663015365600586,6,0,0.37404164164198883,1.9249193668365479
3.8765687942504883,6,0,4.232601617555854e-10,1701081427.1147237
3.886850595474243,6,0,0.3720543434363844,1.9352011680603027
3.8970859050750732,6,0,4.232601617530387e-10,1701081427.124959
3.907397985458374,6,0,0.37008229092040096,1.9455132484436035
3.9176828861236572,6,0,4.232601617504796e-10,1701081427.135244
3.927985429763794,6,0,0.3681328287225388,1.9558157920837402
3.9382572174072266,6,0,4.232601617479238e-10,1701081427.1455157
3.9487242698669434,6,0,0.3661731586572296,1.966282844543457
3.959207534790039,6,0,4.2326016174531535e-10,1701081427.155999
3.9695706367492676,6,0,0.36425339665604184,1.9766459465026855
3.98034930229187,6,0,4.232601617426334e-10,1701081427.1667776
3.990947961807251,6,0,0.36231070791164316,1.9872446060180664
4.002358675003052,6,0,4.2326016173979423e-10,1701081427.1781883
4.0126142501831055,6,0,0.36045053050665404,1.9975001811981201
4.023617506027222,6,0,4.232601617370564e-10,1701081427.1891916
4.033977746963501,6,0,0.35859066300765285,2.0078604221343994
4.044505834579468,6,0,4.2326016173443684e-10,1701081427.1997197
4.055163621902466,6,0,0.3566973023213622,2.0185182094573975
4.065496921539307,6,0,4.2326016173186576e-10,1701081427.210053
4.0757834911346436,6,0,0.35488875392741037,2.0288047790527344
4.086028814315796,6,0,4.232601617293165e-10,1701081427.2202983
4.0964648723602295,6,0,0.3530725684293918,2.039240837097168
4.107257604598999,6,0,4.232601617266311e-10,1701081427.231091
4.117579460144043,6,0,0.35129445055999026,2.049562692642212
4.127797365188599,6,0,4.232601617240887e-10,1701081427.241309
4.138085126876831,6,0,0.3495399379534261,2.0598504543304443
4.148682355880737,6,0,4.232601617214519e-10,1701081427.2519062
4.1589860916137695,6,0,0.3478001800329293,2.0701541900634766
4.169270277023315,6,0,4.2326016171889303e-10,1701081427.2621903
4.179719924926758,6,0,0.34605338453261464,2.080603837966919
4.191003799438477,6,0,4.2326016171608537e-10,1701081427.2734742
4.201304912567139,6,0,0.34434850786628934,2.090904951095581
4.211591005325317,6,0,4.2326016171352597e-10,1701081427.2837603
4.221970796585083,6,0,0.3426475172483984,2.1012847423553467
4.232675313949585,6,0,4.232601617108625e-10,1701081427.2944648
4.243046760559082,6,0,0.3409645963024651,2.1116561889648438
4.2533228397369385,6,0,4.2326016170830564e-10,1701081427.304741
4.263603210449219,6,0,0.3393126890228782,2.121936559677124
4.274059295654297,6,0,4.23260161705704e-10,1701081427.315197
4.284497976303101,6,0,0.33765164141089443,2.1323752403259277
4.296729564666748,6,0,4.2326016170266054e-10,1701081427.3274286
4.3072898387908936,6,0,0.3359877117836505,2.1429355144500732
4.317802429199219,6,0,4.2326016170004484e-10,1701081427.3379412
4.328203916549683,6,0,0.33436475544606525,2.153337001800537
4.338464736938477,6,0,4.2326016169749175e-10,1701081427.348202
4.348714113235474,6,0,0.3327807973320225,2.163586378097534
4.3589582443237305,6,0,4.232601616949428e-10,1701081427.3584461
4.369215726852417,6,0,0.3312105404813155,2.1738438606262207
4.379492282867432,6,0,4.232601616923858e-10,1701081427.3687227
4.3898468017578125,6,0,0.3296403874081015,2.1841983795166016
4.40022611618042,6,0,4.232601616898032e-10,1701081427.379102
4.4105610847473145,6,0,0.32808797397805867,2.194533348083496
4.420867204666138,6,0,4.232601616872389e-10,1701081427.389408
4.431121349334717,6,0,0.3265620847210434,2.204787492752075
4.441357374191284,6,0,4.23260161684692e-10,1701081427.3996441
4.451631546020508,6,0,0.3250473842388933,2.215061664581299
4.461901426315308,6,0,4.232601616821367e-10,1701081427.409914
4.472292423248291,6,0,0.32352968564610346,2.2254526615142822
4.482637405395508,6,0,4.2326016167956266e-10,1701081427.420259
4.493244647979736,6,0,0.3219949513339514,2.2360599040985107
4.503548622131348,6,0,4.232601616769988e-10,1701081427.430563
4.5138490200042725,6,0,0.32051848466522426,2.2463603019714355
4.5241148471832275,6,0,4.232601616744445e-10,1701081427.4408288
4.534911394119263,6,0,0.3189853644191811,2.2571568489074707
4.5456249713897705,6,0,4.2326016167177874e-10,1701081427.4515424
4.5584118366241455,6,0,0.31718848159730545,2.2699437141418457
4.5695295333862305,6,0,4.232601616690125e-10,1701081427.46266
4.579943895339966,6,0,0.31573988644484324,2.280358076095581
4.59027361869812,6,0,4.2326016166644223e-10,1701081427.4729898
4.600632905960083,6,0,0.3143120192465314,2.290717363357544
4.610966205596924,6,0,4.232601616638711e-10,1701081427.483323
4.621309757232666,6,0,0.31289914808800307,2.301060914993286
4.631701946258545,6,0,4.232601616612854e-10,1701081427.4937153
4.642435312271118,6,0,0.3114463972489493,2.3117942810058594
4.653001546859741,6,0,4.232601616586563e-10,1701081427.5042815
4.663264751434326,6,0,0.3100698430039176,2.3220574855804443
4.673567295074463,6,0,4.2326016165609286e-10,1701081427.514584
4.684077501296997,6,0,0.30867271399248003,2.3325676918029785
4.694390535354614,6,0,4.232601616535268e-10,1701081427.524897
4.704817056655884,6,0,0.3072990944548972,2.342994213104248
4.715383529663086,6,0,4.2326016165089765e-10,1701081427.5354636
4.725637674331665,6,0,0.3059600562863777,2.353248357772827
4.735909461975098,6,0,4.232601616483418e-10,1701081427.5457354
4.7461631298065186,6,0,0.3046326985126769,2.363502025604248
4.756397724151611,6,0,4.232601616457953e-10,1701081427.55597
4.767099857330322,6,0,0.3032595142824951,2.374204158782959
4.778446912765503,6,0,4.232601616429719e-10,1701081427.567317
4.789178133010864,6,0,0.3018949722207338,2.3849353790283203
4.799853801727295,6,0,4.2326016164031563e-10,1701081427.5779927
4.810215950012207,6,0,0.3005889630786755,2.3952975273132324
4.820733547210693,6,0,4.2326016163769864e-10,1701081427.5885103
4.831002235412598,6,0,0.2993058330118827,2.4055662155151367
4.841266393661499,6,0,4.2326016163514477e-10,1701081427.5987744
4.851641654968262,6,0,0.29802046403339993,2.4159414768218994
4.862133026123047,6,0,4.232601616325343e-10,1701081427.6092658
4.872763156890869,6,0,0.2967149198268109,2.4265716075897217
4.888597249984741,6,0,4.2326016162859443e-10,1701081427.6251
4.898885488510132,6,0,0.29546221180829807,2.4368598461151123
4.909200668334961,6,0,4.2326016162602784e-10,1701081427.635415
4.919558763504028,6,0,0.29421163838892883,2.4472179412841797
4.929833173751831,6,0,4.2326016162347144e-10,1701081427.6456895
4.940402984619141,6,0,0.29294636990917094,2.4577877521514893
4.9506995677948,6,0,4.232601616209094e-10,1701081427.655986
4.960956573486328,6,0,0.29172890714885336,2.4680447578430176
4.971220254898071,6,0,4.2326016161835564e-10,1701081427.6662498
4.981468677520752,6,0,0.29052252803467915,2.4782931804656982
4.991757154464722,6,0,4.2326016161579567e-10,1701081427.6765382
5.003263235092163,6,0,0.2891799396244844,2.4897992610931396
5.013817071914673,6,0,4.232601616131697e-10,1701081427.687092
5.024094581604004,6,0,0.2879911562774352,2.5000767707824707
5.034416675567627,6,0,4.232601616106014e-10,1701081427.6974142
5.044760227203369,6,0,0.2868045615988503,2.510420322418213
5.0551135540008545,6,0,4.232601616080253e-10,1701081427.7077675
5.067880868911743,6,0,0.28535333216920394,2.5231876373291016
5.078259468078613,6,0,4.232601616054429e-10,1701081427.718146
5.088553428649902,6,0,0.2841938937297576,2.5334815979003906
5.098796606063843,6,0,4.232601616028942e-10,1701081427.7283893
5.10914158821106,6,0,0.2830381621323122,2.5438265800476074
5.119650840759277,6,0,4.2326016160027926e-10,1701081427.7388985
5.130110263824463,6,0,0.2818791627572514,2.554286003112793
5.140351295471191,6,0,4.2326016159773113e-10,1701081427.7491395
5.150733470916748,6,0,0.28073807209037316,2.5646681785583496
5.161607265472412,6,0,4.2326016159502553e-10,1701081427.7600133
5.180634260177612,6,0,0.2786706448387038,2.58369517326355
5.1909050941467285,6,0,4.2326016159247e-10,1701081427.7702842
5.201288938522339,6,0,0.27755515352622656,2.59407901763916
5.211695432662964,6,0,4.2326016158988067e-10,1701081427.7806907
5.2222020626068115,6,0,0.2764355246555791,2.604585647583008
5.232873916625977,6,0,4.232601615872253e-10,1701081427.7913625
5.243144750595093,6,0,0.27534971998639984,2.614856481552124
5.2533650398254395,6,0,4.232601615846823e-10,1701081427.8015828
5.2636353969573975,6,0,0.2742724615778642,2.625126838684082
5.273953676223755,6,0,4.2326016158211494e-10,1701081427.811901
5.284445524215698,6,0,0.2731806401433758,2.6356186866760254
5.297169208526611,6,0,4.23260161578949e-10,1701081427.8246248
5.307443141937256,6,0,0.2721198867006233,2.64589262008667
5.317701578140259,6,0,4.2326016157639654e-10,1701081427.8348832
5.327948570251465,6,0,0.27107008859531356,2.656139612197876
5.338210105895996,6,0,4.232601615738433e-10,1701081427.8451447
5.34850811958313,6,0,0.27002319237114236,2.6664376258850098
5.358801364898682,6,0,4.2326016157128213e-10,1701081427.855438
5.371180057525635,6,0,0.26877542705128354,2.678816318511963
5.381883144378662,6,0,4.2326016156861903e-10,1701081427.866141
5.392148971557617,6,0,0.267749351262383,2.689082145690918
5.4045984745025635,6,0,4.2326016156552134e-10,1701081427.8785906
5.415032863616943,6,0,0.266714424867166,2.699516534805298
5.425353288650513,6,0,4.2326016156295346e-10,1701081427.888911
5.435753583908081,6,0,0.2656908108811949,2.709916830062866
5.446150302886963,6,0,4.2326016156036656e-10,1701081427.8993077
5.456492185592651,6,0,0.26468070725053094,2.7202587127685547
5.472600936889648,6,0,4.232601615563584e-10,1701081427.9154165
5.482888221740723,6,0,0.26368352726072536,2.730545997619629
5.493144989013672,6,0,4.232601615538063e-10,1701081427.9256732
5.503539800643921,6,0,0.26268352733857275,2.740940809249878
5.513856410980225,6,0,4.2326016155123934e-10,1701081427.9359899
5.524173259735107,6,0,0.26169849919551014,2.7512576580047607
5.534467935562134,6,0,4.2326016154867787e-10,1701081427.9462845
5.544986963272095,6,0,0.2607017445415471,2.7617766857147217
5.555249214172363,6,0,4.232601615461244e-10,1701081427.9565468
5.565520286560059,6,0,0.25973578481666215,2.772047758102417
5.57607102394104,6,0,4.232601615434992e-10,1701081427.9670975
5.58646821975708,6,0,0.2587652269584128,2.782444953918457
5.596842050552368,6,0,4.23260161540918e-10,1701081427.9774714
5.607115745544434,6,0,0.25781329611591264,2.7927186489105225
5.617429971694946,6,0,4.232601615383516e-10,1701081427.9877856
5.627903938293457,6,0,0.2568499916903694,2.803192615509033
5.638151407241821,6,0,4.232601615358019e-10,1701081427.998033
5.648418188095093,6,0,0.2559127033896179,2.8134593963623047
5.658718585968018,6,0,4.2326016153323896e-10,1701081428.0083334
5.669173240661621,6,0,0.254965266995566,2.823914051055908
5.6795783042907715,6,0,4.2326016153065e-10,1701081428.0187385
5.689903497695923,6,0,0.2540364231449736,2.8342392444610596
5.700273752212524,6,0,4.2326016152806965e-10,1701081428.0291088
5.71083927154541,6,0,0.2530929395097677,2.8448047637939453
5.72107720375061,6,0,4.232601615255223e-10,1701081428.0393467
5.731618642807007,6,0,0.2521585646186308,2.855346202850342
5.741880893707275,6,0,4.232601615229689e-10,1701081428.049609
5.752237558364868,6,0,0.251247262290708,2.8657028675079346
5.762485027313232,6,0,4.232601615204191e-10,1701081428.0598564
5.7729034423828125,6,0,0.2503371482842171,2.8761212825775146
5.783498764038086,6,0,4.232601615177828e-10,1701081428.0704517
5.793764352798462,6,0,0.24944681087267678,2.8863868713378906
5.804004192352295,6,0,4.2326016151523496e-10,1701081428.0806916
5.814258575439453,6,0,0.2485637456485484,2.896641254425049
5.824647426605225,6,0,4.2326016151264997e-10,1701081428.0910804
5.835197448730469,6,0,0.24766172277950713,2.907191276550293
5.8456871509552,6,0,4.2326016151003996e-10,1701081428.1015701
5.856867074966431,6,0,0.24671296093569758,2.9183712005615234
5.867444276809692,6,0,4.232601615074082e-10,1701081428.1121473
5.877664566040039,6,0,0.24585197440806916,2.92859148979187
5.887909650802612,6,0,4.23260161504859e-10,1701081428.1223924
5.898212671279907,6,0,0.24499007959767063,2.938894510269165
5.908567428588867,6,0,4.2326016150228255e-10,1701081428.1327472
5.919018507003784,6,0,0.24412195124317204,2.949345588684082
5.931369781494141,6,0,4.232601614992093e-10,1701081428.1450984
5.94168758392334,6,0,0.243270907820761,2.9596633911132812
5.951953887939453,6,0,4.232601614966549e-10,1701081428.1553648
5.962271213531494,6,0,0.2424258164203554,2.9699807167053223
5.973017930984497,6,0,4.2326016149398087e-10,1701081428.1661115
5.98367977142334,6,0,0.2415586526047094,2.980642557144165
5.994333982467651,6,0,4.2326016149132996e-10,1701081428.1767657
6.004795074462891,6,0,0.24071382488104595,2.9911036491394043
6.015056610107422,6,0,4.2326016148877666e-10,1701081428.1870272
6.025481224060059,6,0,0.23987780120327368,3.001528263092041
6.036048889160156,6,0,4.2326016148614726e-10,1701081428.197595
6.046514987945557,6,0,0.2390442721649746,3.0119943618774414
6.057160139083862,6,0,4.232601614834986e-10,1701081428.20824
6.067414283752441,6,0,0.23823322219881007,3.0222485065460205
6.077644109725952,6,0,4.232601614809532e-10,1701081428.2184699
6.087909460067749,6,0,0.23742677988581903,3.0325138568878174
6.098258972167969,6,0,4.2326016147837807e-10,1701081428.2288194
6.108766794204712,6,0,0.2366069242906138,3.0430216789245605
6.119415998458862,6,0,4.232601614757283e-10,1701081428.2394686
6.130053520202637,6,0,0.23578269632787388,3.053659200668335
6.140394687652588,6,0,4.2326016147315525e-10,1701081428.2498097
6.150880813598633,6,0,0.23497580018358297,3.06414532661438
6.16158390045166,6,0,4.2326016147049214e-10,1701081428.2605128
6.172287702560425,6,0,0.23415783014335592,3.0748491287231445
6.182521104812622,6,0,4.2326016146794587e-10,1701081428.2707462
6.192761182785034,6,0,0.23338060968784533,3.0850892066955566
6.203078508377075,6,0,4.232601614653787e-10,1701081428.2810636
6.213833332061768,6,0,0.23256985588888518,3.095844030380249
6.224687337875366,6,0,4.23260161462678e-10,1701081428.2919176
6.235635757446289,6,0,0.23175027350517605,3.106792449951172
6.245933771133423,6,0,4.232601614601157e-10,1701081428.3022156
6.256470203399658,6,0,0.2309669679407879,3.1173288822174072
6.2671959400177,6,0,4.23260161457447e-10,1701081428.3129413
6.277443885803223,6,0,0.23021017215418682,3.1275768280029297
6.287702560424805,6,0,4.232601614548944e-10,1701081428.3232
6.298036098480225,6,0,0.22945206076884211,3.1379103660583496
6.308487892150879,6,0,4.232601614522938e-10,1701081428.3336518
6.318943977355957,6,0,0.22869002422226506,3.1483664512634277
6.329483509063721,6,0,4.232601614496714e-10,1701081428.3441913
6.339969873428345,6,0,0.22793084769188515,3.1588528156280518
6.350231409072876,6,0,4.2326016144711814e-10,1701081428.3544528
6.3604841232299805,6,0,0.22719344409108747,3.1691055297851562
6.370741844177246,6,0,4.232601614445658e-10,1701081428.3647106
6.38107705116272,6,0,0.22645492072650072,3.17944073677063
6.391488313674927,6,0,4.232601614419753e-10,1701081428.3751218
6.40187668800354,6,0,0.22571742087834973,3.189829111099243
6.412604808807373,6,0,4.2326016143930593e-10,1701081428.38585
6.422982692718506,6,0,0.22498544660473302,3.200206995010376
6.4332334995269775,6,0,4.2326016143675537e-10,1701081428.3961008
6.443502426147461,6,0,0.22426581527957823,3.2104759216308594
6.453778982162476,6,0,4.2326016143419835e-10,1701081428.4063773
6.464027166366577,6,0,0.22355221258957933,3.220724105834961
6.474286794662476,6,0,4.2326016143164557e-10,1701081428.416637
6.484746217727661,6,0,0.22282856840542228,3.2311835289001465
6.495258331298828,6,0,4.2326016142902997e-10,1701081428.427149
6.505706787109375,6,0,0.22211034546670108,3.2416319847106934
6.516384840011597,6,0,4.2326016142637307e-10,1701081428.437827
6.526694297790527,6,0,0.2214062007982474,3.251941442489624
6.537094593048096,6,0,4.232601614237853e-10,1701081428.4482274
6.547907829284668,6,0,0.2206724289431081,3.2627546787261963
6.558145523071289,6,0,4.23260161421238e-10,1701081428.458465
6.568490743637085,6,0,0.21997495406594342,3.273099899291992
6.579137563705444,6,0,4.2326016141858883e-10,1701081428.469112
6.590864896774292,6,0,0.21918961000652945,3.28482723236084
6.601424694061279,6,0,4.2326016141596135e-10,1701081428.4796717
6.612276554107666,6,0,0.2184678725725381,3.2956790924072266
6.622749328613281,6,0,4.2326016141335557e-10,1701081428.4901445
6.6330530643463135,6,0,0.21778697513835166,3.305982828140259
6.643279314041138,6,0,4.232601614108111e-10,1701081428.5003707
6.653516530990601,6,0,0.21711466374678406,3.3162200450897217
6.663836479187012,6,0,4.232601614082433e-10,1701081428.5106907
6.674147605895996,6,0,0.21644168138387984,3.326531171798706
6.684558629989624,6,0,4.232601614056528e-10,1701081428.5211017
6.696861982345581,6,0,0.215644110180121,3.338834524154663
6.7071592807769775,6,0,4.2326016140309067e-10,1701081428.531399
6.717551946640015,6,0,0.21497496561175203,3.3492271900177
6.72802734375,6,0,4.232601614004842e-10,1701081428.5418744
6.738290548324585,6,0,0.21431821956061306,3.359490394592285
6.748540639877319,6,0,4.2326016139793377e-10,1701081428.5521245
6.758800745010376,6,0,0.21366567051735286,3.369750499725342
6.769110679626465,6,0,4.232601613953685e-10,1701081428.5624344
6.779467821121216,6,0,0.2130109678223463,3.3801076412200928
6.78974461555481,6,0,4.2326016139281145e-10,1701081428.5727112
6.800008296966553,6,0,0.21236611907190367,3.390371322631836
6.810245990753174,6,0,4.232601613902641e-10,1701081428.582949
6.820500373840332,6,0,0.21172574176250616,3.400625705718994
6.8307554721832275,6,0,4.2326016138771246e-10,1701081428.593204
6.84098744392395,6,0,0.21109060186182554,3.410857677459717
6.851372241973877,6,0,4.2326016138512855e-10,1701081428.6035888
6.861876010894775,6,0,0.21044254203591162,3.4213614463806152
6.872334241867065,6,0,4.2326016138252634e-10,1701081428.614047
6.883128643035889,6,0,0.20978068362311708,3.4321558475494385
6.893435716629028,6,0,4.2326016137996177e-10,1701081428.6243541
6.903804540634155,6,0,0.20914882787894865,3.4425246715545654
6.914414882659912,6,0,4.232601613773217e-10,1701081428.6349645
6.925120830535889,6,0,0.20850041000700156,3.453230619430542
6.935413837432861,6,0,4.232601613747606e-10,1701081428.6452575
6.945884704589844,6,0,0.20787010739466227,3.4637014865875244
6.956192255020142,6,0,4.2326016137219594e-10,1701081428.655565
6.966489553451538,6,0,0.20725395849442665,3.473998785018921
6.976749420166016,6,0,4.232601613696431e-10,1701081428.665825
6.987081050872803,6,0,0.20663941535235836,3.484330415725708
6.997342824935913,6,0,4.2326016136708976e-10,1701081428.6760867
7.007598400115967,6,0,0.20603298985164856,3.4945859909057617
7.017858028411865,6,0,4.2326016136453697e-10,1701081428.6863463
7.028106689453125,6,0,0.2054305185552826,3.5048346519470215
7.0383806228637695,6,0,4.232601613619806e-10,1701081428.6966202
7.048860311508179,6,0,0.2048180988215308,3.5153143405914307
7.059300899505615,6,0,4.232601613593828e-10,1701081428.7070608
7.072655916213989,6,0,0.20404292017627737,3.5286693572998047
7.083027601242065,6,0,4.232601613568021e-10,1701081428.7174325
7.09333062171936,6,0,0.20344888943503045,3.5389723777770996
7.103612899780273,6,0,4.232601613542437e-10,1701081428.7277148
7.113896608352661,6,0,0.20285941123525433,3.5492560863494873
7.124173879623413,6,0,4.2326016135168657e-10,1701081428.737992
7.134580850601196,6,0,0.20226633487625742,3.5596630573272705
7.14496111869812,6,0,4.232601613491038e-10,1701081428.7483723
7.1552650928497314,6,0,0.20168253478288717,3.569967031478882
7.165600776672363,6,0,4.2326016134653204e-10,1701081428.758708
7.176692247390747,6,0,0.20105787145287418,3.5810585021972656
7.190687417984009,6,0,4.2326016134304977e-10,1701081428.7727032
7.200979948043823,6,0,0.2004816553806763,3.59135103225708
7.211316347122192,6,0,4.232601613404779e-10,1701081428.7830396
7.221609354019165,6,0,0.1999087061832774,3.6016440391540527
7.23188853263855,6,0,4.2326016133792027e-10,1701081428.7933187
7.242163419723511,6,0,0.19934002249317237,3.6119189262390137
7.252463340759277,6,0,4.2326016133535745e-10,1701081428.8036187
7.262929201126099,6,0,0.19876408565491965,3.622384786605835
7.273288011550903,6,0,4.2326016133277996e-10,1701081428.8139775
7.288657188415527,6,0,0.1979243256223716,3.637753963470459
7.298975944519043,6,0,4.232601613302125e-10,1701081428.8242962
7.3092265129089355,6,0,0.19736817586485447,3.6480045318603516
7.319641828536987,6,0,4.23260161327621e-10,1701081428.8347116
